Image1_Path,Image1_Name,Image2_Path,Image2_Name,Reconstruction_Type,Winner,Labeler_Name,Notes,Created_At
Trajectories/2022-04-11/293_RR220411A_882C_1842.bmp,293_RR220411A_882C_1842.bmp,Trajectories/2022-02-06/194_RR220206A_962C_2059.bmp,194_RR220206A_962C_2059.bmp,Twinned(2 x 1),not_apply,SY,,2025-12-10T16:52:23.046332
Trajectories/2022-04-11/293_RR220411A_882C_1842.bmp,293_RR220411A_882C_1842.bmp,Trajectories/2022-02-06/194_RR220206A_962C_2059.bmp,194_RR220206A_962C_2059.bmp,(√13 x √13),1,SY,,2025-12-10T16:52:24.169165
Trajectories/2022-04-11/293_RR220411A_882C_1842.bmp,293_RR220411A_882C_1842.bmp,Trajectories/2022-02-06/194_RR220206A_962C_2059.bmp,194_RR220206A_962C_2059.bmp,(1 x 1),1,SY,,2025-12-10T16:52:24.965838
Trajectories/2022-04-11/293_RR220411A_882C_1842.bmp,293_RR220411A_882C_1842.bmp,Trajectories/2022-02-06/194_RR220206A_962C_2059.bmp,194_RR220206A_962C_2059.bmp,HTR,2,SY,,2025-12-10T16:52:25.687035
Trajectories/2022-04-11/293_RR220411A_882C_1842.bmp,293_RR220411A_882C_1842.bmp,Trajectories/2022-02-06/194_RR220206A_962C_2059.bmp,194_RR220206A_962C_2059.bmp,c(6 x 2),1,SY,,2025-12-10T16:52:26.361850
Trajectories/2022-04-11/227_RR220411A_877C_1726.bmp,227_RR220411A_877C_1726.bmp,Trajectories/2022-04-11/323_RR220411A_816C_1903.bmp,323_RR220411A_816C_1903.bmp,(1 x 1),tie,SY,,2025-12-10T16:53:04.584675
Trajectories/2022-04-11/227_RR220411A_877C_1726.bmp,227_RR220411A_877C_1726.bmp,Trajectories/2022-04-11/323_RR220411A_816C_1903.bmp,323_RR220411A_816C_1903.bmp,Twinned(2 x 1),not_apply,SY,,2025-12-10T16:53:05.371791
Trajectories/2022-04-11/227_RR220411A_877C_1726.bmp,227_RR220411A_877C_1726.bmp,Trajectories/2022-04-11/323_RR220411A_816C_1903.bmp,323_RR220411A_816C_1903.bmp,HTR,not_apply,SY,,2025-12-10T16:53:06.064212
Trajectories/2022-04-11/227_RR220411A_877C_1726.bmp,227_RR220411A_877C_1726.bmp,Trajectories/2022-04-11/323_RR220411A_816C_1903.bmp,323_RR220411A_816C_1903.bmp,c(6 x 2),1,SY,,2025-12-10T16:53:06.771231
Trajectories/2022-04-11/227_RR220411A_877C_1726.bmp,227_RR220411A_877C_1726.bmp,Trajectories/2022-04-11/323_RR220411A_816C_1903.bmp,323_RR220411A_816C_1903.bmp,(√13 x √13),2,SY,,2025-12-10T16:53:07.436978
Trajectories/2022-02-04/192_RR220204A_607C_1831.bmp,192_RR220204A_607C_1831.bmp,Trajectories/2022-02-04/048_RR220204A_245C_0201.bmp,048_RR220204A_245C_0201.bmp,Twinned(2 x 1),tie,SY,,2025-12-10T16:53:42.934185
Trajectories/2022-02-04/192_RR220204A_607C_1831.bmp,192_RR220204A_607C_1831.bmp,Trajectories/2022-02-04/048_RR220204A_245C_0201.bmp,048_RR220204A_245C_0201.bmp,HTR,not_apply,SY,,2025-12-10T16:53:43.710490
Trajectories/2022-02-04/192_RR220204A_607C_1831.bmp,192_RR220204A_607C_1831.bmp,Trajectories/2022-02-04/048_RR220204A_245C_0201.bmp,048_RR220204A_245C_0201.bmp,c(6 x 2),not_apply,SY,,2025-12-10T16:53:44.399158
Trajectories/2022-02-04/192_RR220204A_607C_1831.bmp,192_RR220204A_607C_1831.bmp,Trajectories/2022-02-04/048_RR220204A_245C_0201.bmp,048_RR220204A_245C_0201.bmp,(1 x 1),tie,SY,,2025-12-10T16:53:45.136881
Trajectories/2022-02-04/192_RR220204A_607C_1831.bmp,192_RR220204A_607C_1831.bmp,Trajectories/2022-02-04/048_RR220204A_245C_0201.bmp,048_RR220204A_245C_0201.bmp,(√13 x √13),1,SY,,2025-12-10T16:53:45.852777
Trajectories/2022-02-04/049_RR220204A_218C_0201.bmp,049_RR220204A_218C_0201.bmp,Trajectories/2022-02-04/307_RR220204A_912C_2025.bmp,307_RR220204A_912C_2025.bmp,(1 x 1),tie,SY,,2025-12-10T16:54:22.255228
Trajectories/2022-02-04/049_RR220204A_218C_0201.bmp,049_RR220204A_218C_0201.bmp,Trajectories/2022-02-04/307_RR220204A_912C_2025.bmp,307_RR220204A_912C_2025.bmp,HTR,not_apply,SY,,2025-12-10T16:54:23.058574
Trajectories/2022-02-04/049_RR220204A_218C_0201.bmp,049_RR220204A_218C_0201.bmp,Trajectories/2022-02-04/307_RR220204A_912C_2025.bmp,307_RR220204A_912C_2025.bmp,(√13 x √13),2,SY,,2025-12-10T16:54:23.808624
Trajectories/2022-02-04/049_RR220204A_218C_0201.bmp,049_RR220204A_218C_0201.bmp,Trajectories/2022-02-04/307_RR220204A_912C_2025.bmp,307_RR220204A_912C_2025.bmp,c(6 x 2),not_apply,SY,,2025-12-10T16:54:24.538820
Trajectories/2022-02-04/049_RR220204A_218C_0201.bmp,049_RR220204A_218C_0201.bmp,Trajectories/2022-02-04/307_RR220204A_912C_2025.bmp,307_RR220204A_912C_2025.bmp,Twinned(2 x 1),1,SY,,2025-12-10T16:54:25.263096
Trajectories/2022-04-11/313_RR220411A_839C_1856.bmp,313_RR220411A_839C_1856.bmp,Trajectories/2022-02-04/148_RR220204A_480C_1804.bmp,148_RR220204A_480C_1804.bmp,HTR,not_apply,SY,,2025-12-10T16:55:08.391543
Trajectories/2022-04-11/313_RR220411A_839C_1856.bmp,313_RR220411A_839C_1856.bmp,Trajectories/2022-02-04/148_RR220204A_480C_1804.bmp,148_RR220204A_480C_1804.bmp,(1 x 1),1,SY,,2025-12-10T16:55:09.183561
Trajectories/2022-04-11/313_RR220411A_839C_1856.bmp,313_RR220411A_839C_1856.bmp,Trajectories/2022-02-04/148_RR220204A_480C_1804.bmp,148_RR220204A_480C_1804.bmp,Twinned(2 x 1),2,SY,,2025-12-10T16:55:09.909640
Trajectories/2022-04-11/313_RR220411A_839C_1856.bmp,313_RR220411A_839C_1856.bmp,Trajectories/2022-02-04/148_RR220204A_480C_1804.bmp,148_RR220204A_480C_1804.bmp,c(6 x 2),1,SY,,2025-12-10T16:55:10.663841
Trajectories/2022-04-11/313_RR220411A_839C_1856.bmp,313_RR220411A_839C_1856.bmp,Trajectories/2022-02-04/148_RR220204A_480C_1804.bmp,148_RR220204A_480C_1804.bmp,(√13 x √13),1,SY,,2025-12-10T16:55:11.342948
Trajectories/2022-04-11/030_RR220411A_291C_1437.bmp,030_RR220411A_291C_1437.bmp,Trajectories/2022-02-06/068_RR220206A_362C_1759.bmp,068_RR220206A_362C_1759.bmp,HTR,not_apply,SY,,2025-12-10T16:55:52.310990
Trajectories/2022-04-11/030_RR220411A_291C_1437.bmp,030_RR220411A_291C_1437.bmp,Trajectories/2022-02-06/068_RR220206A_362C_1759.bmp,068_RR220206A_362C_1759.bmp,c(6 x 2),not_apply,SY,,2025-12-10T16:55:53.064524
Trajectories/2022-04-11/030_RR220411A_291C_1437.bmp,030_RR220411A_291C_1437.bmp,Trajectories/2022-02-06/068_RR220206A_362C_1759.bmp,068_RR220206A_362C_1759.bmp,(√13 x √13),not_apply,SY,,2025-12-10T16:55:53.741160
Trajectories/2022-04-11/030_RR220411A_291C_1437.bmp,030_RR220411A_291C_1437.bmp,Trajectories/2022-02-06/068_RR220206A_362C_1759.bmp,068_RR220206A_362C_1759.bmp,(1 x 1),1,SY,,2025-12-10T16:55:54.432756
Trajectories/2022-04-11/030_RR220411A_291C_1437.bmp,030_RR220411A_291C_1437.bmp,Trajectories/2022-02-06/068_RR220206A_362C_1759.bmp,068_RR220206A_362C_1759.bmp,Twinned(2 x 1),not_apply,SY,,2025-12-10T16:55:55.152158
Trajectories/2022-04-11/183_RR220411A_794C_1655.bmp,183_RR220411A_794C_1655.bmp,Trajectories/2022-02-04/048_RR220204A_245C_0201.bmp,048_RR220204A_245C_0201.bmp,(√13 x √13),2,SY,,2025-12-10T16:56:27.896724
Trajectories/2022-04-11/183_RR220411A_794C_1655.bmp,183_RR220411A_794C_1655.bmp,Trajectories/2022-02-04/048_RR220204A_245C_0201.bmp,048_RR220204A_245C_0201.bmp,c(6 x 2),not_apply,SY,,2025-12-10T16:56:28.616269
Trajectories/2022-04-11/183_RR220411A_794C_1655.bmp,183_RR220411A_794C_1655.bmp,Trajectories/2022-02-04/048_RR220204A_245C_0201.bmp,048_RR220204A_245C_0201.bmp,(1 x 1),2,SY,,2025-12-10T16:56:29.359621
Trajectories/2022-04-11/183_RR220411A_794C_1655.bmp,183_RR220411A_794C_1655.bmp,Trajectories/2022-02-04/048_RR220204A_245C_0201.bmp,048_RR220204A_245C_0201.bmp,HTR,not_apply,SY,,2025-12-10T16:56:30.137612
Trajectories/2022-04-11/183_RR220411A_794C_1655.bmp,183_RR220411A_794C_1655.bmp,Trajectories/2022-02-04/048_RR220204A_245C_0201.bmp,048_RR220204A_245C_0201.bmp,Twinned(2 x 1),2,SY,,2025-12-10T16:56:31.277603
Trajectories/2022-04-11/366_RR220411A_654C_1930.bmp,366_RR220411A_654C_1930.bmp,Trajectories/2022-04-11/323_RR220411A_816C_1903.bmp,323_RR220411A_816C_1903.bmp,HTR,not_apply,SY,,2025-12-10T16:57:42.092980
Trajectories/2022-04-11/366_RR220411A_654C_1930.bmp,366_RR220411A_654C_1930.bmp,Trajectories/2022-04-11/323_RR220411A_816C_1903.bmp,323_RR220411A_816C_1903.bmp,(√13 x √13),tie,SY,,2025-12-10T16:57:42.961149
Trajectories/2022-04-11/366_RR220411A_654C_1930.bmp,366_RR220411A_654C_1930.bmp,Trajectories/2022-04-11/323_RR220411A_816C_1903.bmp,323_RR220411A_816C_1903.bmp,c(6 x 2),tie,SY,,2025-12-10T16:57:43.641358
Trajectories/2022-04-11/366_RR220411A_654C_1930.bmp,366_RR220411A_654C_1930.bmp,Trajectories/2022-04-11/323_RR220411A_816C_1903.bmp,323_RR220411A_816C_1903.bmp,Twinned(2 x 1),not_apply,SY,,2025-12-10T16:57:44.332936
Trajectories/2022-04-11/366_RR220411A_654C_1930.bmp,366_RR220411A_654C_1930.bmp,Trajectories/2022-04-11/323_RR220411A_816C_1903.bmp,323_RR220411A_816C_1903.bmp,(1 x 1),tie,SY,,2025-12-10T16:57:45.015657
Trajectories/2022-04-11/088_RR220411A_459C_1527.bmp,088_RR220411A_459C_1527.bmp,Trajectories/2022-02-04/133_RR220204A_467C_1754-01.bmp,133_RR220204A_467C_1754-01.bmp,Twinned(2 x 1),2,SY,,2025-12-10T16:58:22.117787
Trajectories/2022-04-11/088_RR220411A_459C_1527.bmp,088_RR220411A_459C_1527.bmp,Trajectories/2022-02-04/133_RR220204A_467C_1754-01.bmp,133_RR220204A_467C_1754-01.bmp,(1 x 1),1,SY,,2025-12-10T16:58:22.926371
Trajectories/2022-04-11/088_RR220411A_459C_1527.bmp,088_RR220411A_459C_1527.bmp,Trajectories/2022-02-04/133_RR220204A_467C_1754-01.bmp,133_RR220204A_467C_1754-01.bmp,c(6 x 2),not_apply,SY,,2025-12-10T16:58:23.645510
Trajectories/2022-04-11/088_RR220411A_459C_1527.bmp,088_RR220411A_459C_1527.bmp,Trajectories/2022-02-04/133_RR220204A_467C_1754-01.bmp,133_RR220204A_467C_1754-01.bmp,HTR,not_apply,SY,,2025-12-10T16:58:24.312589
Trajectories/2022-04-11/088_RR220411A_459C_1527.bmp,088_RR220411A_459C_1527.bmp,Trajectories/2022-02-04/133_RR220204A_467C_1754-01.bmp,133_RR220204A_467C_1754-01.bmp,(√13 x √13),2,SY,,2025-12-10T16:58:24.951554
Trajectories/2022-04-11/374_RR220411A_625C_1937.bmp,374_RR220411A_625C_1937.bmp,Trajectories/2022-04-11/343_RR220411A_722C_1918.bmp,343_RR220411A_722C_1918.bmp,c(6 x 2),tie,SY,,2025-12-10T16:59:01.343136
Trajectories/2022-04-11/374_RR220411A_625C_1937.bmp,374_RR220411A_625C_1937.bmp,Trajectories/2022-04-11/343_RR220411A_722C_1918.bmp,343_RR220411A_722C_1918.bmp,HTR,not_apply,SY,,2025-12-10T16:59:02.093221
Trajectories/2022-04-11/374_RR220411A_625C_1937.bmp,374_RR220411A_625C_1937.bmp,Trajectories/2022-04-11/343_RR220411A_722C_1918.bmp,343_RR220411A_722C_1918.bmp,Twinned(2 x 1),not_apply,SY,,2025-12-10T16:59:04.003690
Trajectories/2022-04-11/374_RR220411A_625C_1937.bmp,374_RR220411A_625C_1937.bmp,Trajectories/2022-04-11/343_RR220411A_722C_1918.bmp,343_RR220411A_722C_1918.bmp,(√13 x √13),tie,SY,,2025-12-10T16:59:05.430526
Trajectories/2022-04-11/374_RR220411A_625C_1937.bmp,374_RR220411A_625C_1937.bmp,Trajectories/2022-04-11/343_RR220411A_722C_1918.bmp,343_RR220411A_722C_1918.bmp,(1 x 1),tie,SY,,2025-12-10T16:59:06.120952
Trajectories/2022-02-04/194_RR220204A_610C_1832.bmp,194_RR220204A_610C_1832.bmp,Trajectories/2022-02-06/119_RR220206A_871C_1918.bmp,119_RR220206A_871C_1918.bmp,c(6 x 2),2,SY,,2025-12-10T17:00:00.739215
Trajectories/2022-02-04/194_RR220204A_610C_1832.bmp,194_RR220204A_610C_1832.bmp,Trajectories/2022-02-06/119_RR220206A_871C_1918.bmp,119_RR220206A_871C_1918.bmp,Twinned(2 x 1),1,SY,,2025-12-10T17:00:01.408896
Trajectories/2022-02-04/194_RR220204A_610C_1832.bmp,194_RR220204A_610C_1832.bmp,Trajectories/2022-02-06/119_RR220206A_871C_1918.bmp,119_RR220206A_871C_1918.bmp,(√13 x √13),1,SY,,2025-12-10T17:00:02.074935
Trajectories/2022-02-04/194_RR220204A_610C_1832.bmp,194_RR220204A_610C_1832.bmp,Trajectories/2022-02-06/119_RR220206A_871C_1918.bmp,119_RR220206A_871C_1918.bmp,HTR,2,SY,,2025-12-10T17:00:02.734149
Trajectories/2022-02-04/194_RR220204A_610C_1832.bmp,194_RR220204A_610C_1832.bmp,Trajectories/2022-02-06/119_RR220206A_871C_1918.bmp,119_RR220206A_871C_1918.bmp,(1 x 1),1,SY,,2025-12-10T17:00:03.603690
Trajectories/2022-02-06/191_RR220206A_960C_2056.bmp,191_RR220206A_960C_2056.bmp,Trajectories/2022-02-04/219_RR220204A_668C_1852.bmp,219_RR220204A_668C_1852.bmp,(1 x 1),1,SY,,2025-12-10T17:00:33.631831
Trajectories/2022-02-06/191_RR220206A_960C_2056.bmp,191_RR220206A_960C_2056.bmp,Trajectories/2022-02-04/219_RR220204A_668C_1852.bmp,219_RR220204A_668C_1852.bmp,HTR,1,SY,,2025-12-10T17:00:34.429593
Trajectories/2022-02-06/191_RR220206A_960C_2056.bmp,191_RR220206A_960C_2056.bmp,Trajectories/2022-02-04/219_RR220204A_668C_1852.bmp,219_RR220204A_668C_1852.bmp,Twinned(2 x 1),2,SY,,2025-12-10T17:00:35.459492
Trajectories/2022-02-06/191_RR220206A_960C_2056.bmp,191_RR220206A_960C_2056.bmp,Trajectories/2022-02-04/219_RR220204A_668C_1852.bmp,219_RR220204A_668C_1852.bmp,c(6 x 2),not_apply,SY,,2025-12-10T17:00:36.496415
Trajectories/2022-02-06/191_RR220206A_960C_2056.bmp,191_RR220206A_960C_2056.bmp,Trajectories/2022-02-04/219_RR220204A_668C_1852.bmp,219_RR220204A_668C_1852.bmp,(√13 x √13),2,SY,,2025-12-10T17:00:37.304338
Trajectories/2022-04-11/113_RR220411A_539C_1548.bmp,113_RR220411A_539C_1548.bmp,Trajectories/2022-02-04/188_RR220204A_579C_1829.bmp,188_RR220204A_579C_1829.bmp,c(6 x 2),not_apply,SY,,2025-12-10T17:01:03.728361
Trajectories/2022-04-11/113_RR220411A_539C_1548.bmp,113_RR220411A_539C_1548.bmp,Trajectories/2022-02-04/188_RR220204A_579C_1829.bmp,188_RR220204A_579C_1829.bmp,(1 x 1),tie,SY,,2025-12-10T17:01:04.465418
Trajectories/2022-04-11/113_RR220411A_539C_1548.bmp,113_RR220411A_539C_1548.bmp,Trajectories/2022-02-04/188_RR220204A_579C_1829.bmp,188_RR220204A_579C_1829.bmp,HTR,not_apply,SY,,2025-12-10T17:01:05.120488
Trajectories/2022-04-11/113_RR220411A_539C_1548.bmp,113_RR220411A_539C_1548.bmp,Trajectories/2022-02-04/188_RR220204A_579C_1829.bmp,188_RR220204A_579C_1829.bmp,Twinned(2 x 1),2,SY,,2025-12-10T17:01:05.862160
Trajectories/2022-04-11/113_RR220411A_539C_1548.bmp,113_RR220411A_539C_1548.bmp,Trajectories/2022-02-04/188_RR220204A_579C_1829.bmp,188_RR220204A_579C_1829.bmp,(√13 x √13),2,SY,,2025-12-10T17:01:06.551693
Trajectories/2022-04-11/387_RR220411A_578C_1943.bmp,387_RR220411A_578C_1943.bmp,Trajectories/2022-04-11/076_RR220411A_442C_1520.bmp,076_RR220411A_442C_1520.bmp,Twinned(2 x 1),not_apply,SY,,2025-12-10T17:01:38.885310
Trajectories/2022-04-11/387_RR220411A_578C_1943.bmp,387_RR220411A_578C_1943.bmp,Trajectories/2022-04-11/076_RR220411A_442C_1520.bmp,076_RR220411A_442C_1520.bmp,c(6 x 2),1,SY,,2025-12-10T17:01:39.593567
Trajectories/2022-04-11/387_RR220411A_578C_1943.bmp,387_RR220411A_578C_1943.bmp,Trajectories/2022-04-11/076_RR220411A_442C_1520.bmp,076_RR220411A_442C_1520.bmp,(√13 x √13),1,SY,,2025-12-10T17:01:40.254501
Trajectories/2022-04-11/387_RR220411A_578C_1943.bmp,387_RR220411A_578C_1943.bmp,Trajectories/2022-04-11/076_RR220411A_442C_1520.bmp,076_RR220411A_442C_1520.bmp,HTR,not_apply,SY,,2025-12-10T17:01:40.972197
Trajectories/2022-04-11/387_RR220411A_578C_1943.bmp,387_RR220411A_578C_1943.bmp,Trajectories/2022-04-11/076_RR220411A_442C_1520.bmp,076_RR220411A_442C_1520.bmp,(1 x 1),tie,SY,,2025-12-10T17:01:41.638551
Trajectories/2022-04-11/183_RR220411A_794C_1655.bmp,183_RR220411A_794C_1655.bmp,Trajectories/2022-04-11/226_RR220411A_873C_1725.bmp,226_RR220411A_873C_1725.bmp,c(6 x 2),2,SY,,2025-12-10T17:02:15.862234
Trajectories/2022-04-11/183_RR220411A_794C_1655.bmp,183_RR220411A_794C_1655.bmp,Trajectories/2022-04-11/226_RR220411A_873C_1725.bmp,226_RR220411A_873C_1725.bmp,(√13 x √13),2,SY,,2025-12-10T17:02:16.573074
Trajectories/2022-04-11/183_RR220411A_794C_1655.bmp,183_RR220411A_794C_1655.bmp,Trajectories/2022-04-11/226_RR220411A_873C_1725.bmp,226_RR220411A_873C_1725.bmp,(1 x 1),tie,SY,,2025-12-10T17:02:17.241921
Trajectories/2022-04-11/183_RR220411A_794C_1655.bmp,183_RR220411A_794C_1655.bmp,Trajectories/2022-04-11/226_RR220411A_873C_1725.bmp,226_RR220411A_873C_1725.bmp,Twinned(2 x 1),not_apply,SY,,2025-12-10T17:02:17.909252
Trajectories/2022-04-11/183_RR220411A_794C_1655.bmp,183_RR220411A_794C_1655.bmp,Trajectories/2022-04-11/226_RR220411A_873C_1725.bmp,226_RR220411A_873C_1725.bmp,HTR,not_apply,SY,,2025-12-10T17:02:18.571634
Trajectories/2022-02-04/044_RR220204A_348C_0157.bmp,044_RR220204A_348C_0157.bmp,Trajectories/2022-02-04/059_RR220204A_180C_0211.bmp,059_RR220204A_180C_0211.bmp,(1 x 1),1,SY,,2025-12-10T17:02:50.595070
Trajectories/2022-02-04/044_RR220204A_348C_0157.bmp,044_RR220204A_348C_0157.bmp,Trajectories/2022-02-04/059_RR220204A_180C_0211.bmp,059_RR220204A_180C_0211.bmp,(√13 x √13),1,SY,,2025-12-10T17:02:51.649320
Trajectories/2022-02-04/044_RR220204A_348C_0157.bmp,044_RR220204A_348C_0157.bmp,Trajectories/2022-02-04/059_RR220204A_180C_0211.bmp,059_RR220204A_180C_0211.bmp,Twinned(2 x 1),1,SY,,2025-12-10T17:02:52.338417
Trajectories/2022-02-04/044_RR220204A_348C_0157.bmp,044_RR220204A_348C_0157.bmp,Trajectories/2022-02-04/059_RR220204A_180C_0211.bmp,059_RR220204A_180C_0211.bmp,HTR,not_apply,SY,,2025-12-10T17:02:53.031443
Trajectories/2022-02-04/044_RR220204A_348C_0157.bmp,044_RR220204A_348C_0157.bmp,Trajectories/2022-02-04/059_RR220204A_180C_0211.bmp,059_RR220204A_180C_0211.bmp,c(6 x 2),not_apply,SY,,2025-12-10T17:02:53.743362
Trajectories/2022-04-11/011_RR220411A_219C_1424.bmp,011_RR220411A_219C_1424.bmp,Trajectories/2022-02-06/016_RR220206A_165C_1704-03.bmp,016_RR220206A_165C_1704-03.bmp,Twinned(2 x 1),not_apply,SY,,2025-12-11T15:11:43.075851
Trajectories/2022-04-11/011_RR220411A_219C_1424.bmp,011_RR220411A_219C_1424.bmp,Trajectories/2022-02-06/016_RR220206A_165C_1704-03.bmp,016_RR220206A_165C_1704-03.bmp,HTR,1,SY,,2025-12-11T15:11:44.123863
Trajectories/2022-04-11/011_RR220411A_219C_1424.bmp,011_RR220411A_219C_1424.bmp,Trajectories/2022-02-06/016_RR220206A_165C_1704-03.bmp,016_RR220206A_165C_1704-03.bmp,(1 x 1),1,SY,,2025-12-11T15:11:45.065479
Trajectories/2022-04-11/011_RR220411A_219C_1424.bmp,011_RR220411A_219C_1424.bmp,Trajectories/2022-02-06/016_RR220206A_165C_1704-03.bmp,016_RR220206A_165C_1704-03.bmp,c(6 x 2),not_apply,SY,,2025-12-11T15:11:45.779871
Trajectories/2022-04-11/011_RR220411A_219C_1424.bmp,011_RR220411A_219C_1424.bmp,Trajectories/2022-02-06/016_RR220206A_165C_1704-03.bmp,016_RR220206A_165C_1704-03.bmp,(√13 x √13),not_apply,SY,,2025-12-11T15:11:46.484415
Trajectories/2022-04-11/164_RR220411A_724C_1635.bmp,164_RR220411A_724C_1635.bmp,Trajectories/2022-02-04/174_RR220204A_527C_1818.bmp,174_RR220204A_527C_1818.bmp,(1 x 1),1,AJ,,2025-12-11T15:15:31.412774
Trajectories/2022-04-11/164_RR220411A_724C_1635.bmp,164_RR220411A_724C_1635.bmp,Trajectories/2022-02-04/174_RR220204A_527C_1818.bmp,174_RR220204A_527C_1818.bmp,(√13 x √13),2,AJ,,2025-12-11T15:15:32.569831
Trajectories/2022-02-04/093_RR220204A_397C_1722.bmp,093_RR220204A_397C_1722.bmp,Trajectories/2022-04-11/367_RR220411A_648C_1932.bmp,367_RR220411A_648C_1932.bmp,(1 x 1),1,AJ,,2025-12-11T15:15:49.686976
Trajectories/2022-02-04/093_RR220204A_397C_1722.bmp,093_RR220204A_397C_1722.bmp,Trajectories/2022-04-11/367_RR220411A_648C_1932.bmp,367_RR220411A_648C_1932.bmp,(√13 x √13),2,AJ,,2025-12-11T15:15:50.551998
Trajectories/2022-02-06/257_RR220206A_581C_2222.bmp,257_RR220206A_581C_2222.bmp,Trajectories/2022-02-04/379_RR220204A_937C_2315.bmp,379_RR220204A_937C_2315.bmp,c(6 x 2),2,AJ,,2025-12-11T15:16:13.622695
Trajectories/2022-02-06/257_RR220206A_581C_2222.bmp,257_RR220206A_581C_2222.bmp,Trajectories/2022-02-04/379_RR220204A_937C_2315.bmp,379_RR220204A_937C_2315.bmp,HTR,1,AJ,,2025-12-11T15:16:14.437789
Trajectories/2022-02-04/206_RR220204A_641C_1841.bmp,206_RR220204A_641C_1841.bmp,Trajectories/2022-02-06/187_RR220206A_985C_2051.bmp,187_RR220206A_985C_2051.bmp,(1 x 1),1,AJ,,2025-12-11T15:19:52.474745
Trajectories/2022-02-04/206_RR220204A_641C_1841.bmp,206_RR220204A_641C_1841.bmp,Trajectories/2022-02-06/187_RR220206A_985C_2051.bmp,187_RR220206A_985C_2051.bmp,HTR,2,AJ,,2025-12-11T15:19:53.651543
Trajectories/2022-02-06/213_RR220206A_849C_2121.bmp,213_RR220206A_849C_2121.bmp,Trajectories/2022-04-11/104_RR220411A_501C_1540.bmp,104_RR220411A_501C_1540.bmp,HTR,1,AJ,,2025-12-11T15:20:02.844825
Trajectories/2022-02-06/213_RR220206A_849C_2121.bmp,213_RR220206A_849C_2121.bmp,Trajectories/2022-04-11/104_RR220411A_501C_1540.bmp,104_RR220411A_501C_1540.bmp,(1 x 1),2,AJ,,2025-12-11T15:20:03.635506
Trajectories/2022-02-04/085_RR220204A_378C_1720.bmp,085_RR220204A_378C_1720.bmp,Trajectories/2022-02-04/134_RR220204A_467C_1754-02.bmp,134_RR220204A_467C_1754-02.bmp,c(6 x 2),tie,AJ,,2025-12-11T15:20:29.032453
Trajectories/2022-04-11/141_RR220411A_656C_1613.bmp,141_RR220411A_656C_1613.bmp,Trajectories/2022-04-11/203_RR220411A_843C_1711-03.bmp,203_RR220411A_843C_1711-03.bmp,(1 x 1),tie,AJ,,2025-12-11T15:20:41.477317
Trajectories/2022-02-06/253_RR220206A_599C_2217.bmp,253_RR220206A_599C_2217.bmp,Trajectories/2022-02-06/124_RR220206A_894C_1924.bmp,124_RR220206A_894C_1924.bmp,(1 x 1),2,AJ,,2025-12-11T15:21:16.327688
Trajectories/2022-02-06/253_RR220206A_599C_2217.bmp,253_RR220206A_599C_2217.bmp,Trajectories/2022-02-06/124_RR220206A_894C_1924.bmp,124_RR220206A_894C_1924.bmp,HTR,1,AJ,,2025-12-11T15:21:17.024425
Trajectories/2022-02-04/133_RR220204A_467C_1754-01.bmp,133_RR220204A_467C_1754-01.bmp,Trajectories/2022-02-04/020_RR220204A_981C_0126-02.bmp,020_RR220204A_981C_0126-02.bmp,(1 x 1),2,AJ,,2025-12-11T15:22:36.381750
Trajectories/2022-02-04/133_RR220204A_467C_1754-01.bmp,133_RR220204A_467C_1754-01.bmp,Trajectories/2022-02-04/020_RR220204A_981C_0126-02.bmp,020_RR220204A_981C_0126-02.bmp,c(6 x 2),1,AJ,,2025-12-11T15:22:37.139293
Trajectories/2022-04-11/208_RR220411A_850C_1713-02.bmp,208_RR220411A_850C_1713-02.bmp,Trajectories/2022-02-04/229_RR220204A_696C_1901-02.bmp,229_RR220204A_696C_1901-02.bmp,(1 x 1),tie,AJ,,2025-12-11T15:22:44.998263
Trajectories/2022-04-11/233_RR220411A_889C_1731.bmp,233_RR220411A_889C_1731.bmp,Trajectories/2022-02-04/197_RR220204A_611C_1835.bmp,197_RR220204A_611C_1835.bmp,Twinned(2 x 1),tie,AJ,,2025-12-11T15:28:01.524582
Trajectories/2022-04-11/363_RR220411A_661C_1929.bmp,363_RR220411A_661C_1929.bmp,Trajectories/2022-04-11/100_RR220411A_492C_1537.bmp,100_RR220411A_492C_1537.bmp,(1 x 1),2,AJ,,2025-12-12T00:04:01.375466
Trajectories/2022-04-11/363_RR220411A_661C_1929.bmp,363_RR220411A_661C_1929.bmp,Trajectories/2022-04-11/100_RR220411A_492C_1537.bmp,100_RR220411A_492C_1537.bmp,(√13 x √13),1,AJ,,2025-12-12T00:04:02.874622
Trajectories/2022-02-06/102_RR220206A_698C_1845.bmp,102_RR220206A_698C_1845.bmp,Trajectories/2022-04-11/183_RR220411A_794C_1655.bmp,183_RR220411A_794C_1655.bmp,(1 x 1),tie,AJ,,2025-12-12T00:04:18.417320
Trajectories/2022-02-04/263_RR220204A_793C_1934.bmp,263_RR220204A_793C_1934.bmp,Trajectories/2022-04-11/042_RR220411A_331C_1448.bmp,042_RR220411A_331C_1448.bmp,(√13 x √13),1,AJ,,2025-12-12T00:06:42.284440
Trajectories/2022-02-04/263_RR220204A_793C_1934.bmp,263_RR220204A_793C_1934.bmp,Trajectories/2022-04-11/042_RR220411A_331C_1448.bmp,042_RR220411A_331C_1448.bmp,HTR,2,AJ,,2025-12-12T00:06:43.078863
Trajectories/2022-02-04/161_RR220204A_504C_1810.bmp,161_RR220204A_504C_1810.bmp,Trajectories/2022-02-04/160_RR220204A_501C_1809-02.bmp,160_RR220204A_501C_1809-02.bmp,(√13 x √13),tie,AJ,,2025-12-12T00:07:09.648751
Trajectories/2022-02-04/132_RR220204A_468C_1754.bmp,132_RR220204A_468C_1754.bmp,Trajectories/2022-04-11/246_RR220411A_915C_1741.bmp,246_RR220411A_915C_1741.bmp,(√13 x √13),tie,AJ,,2025-12-12T00:07:22.660185
Trajectories/2022-02-04/230_RR220204A_695C_1902.bmp,230_RR220204A_695C_1902.bmp,Trajectories/2022-02-06/074_RR220206A_430C_1809.bmp,074_RR220206A_430C_1809.bmp,HTR,2,AJ,,2025-12-12T00:07:35.130088
Trajectories/2022-02-04/230_RR220204A_695C_1902.bmp,230_RR220204A_695C_1902.bmp,Trajectories/2022-02-06/074_RR220206A_430C_1809.bmp,074_RR220206A_430C_1809.bmp,(√13 x √13),1,AJ,,2025-12-12T00:07:35.915228
Trajectories/2022-02-06/080_RR220206A_490C_1816.bmp,080_RR220206A_490C_1816.bmp,Trajectories/2022-04-11/234_RR220411A_888C_1732.bmp,234_RR220411A_888C_1732.bmp,(√13 x √13),2,AJ,,2025-12-12T00:08:04.075203
Trajectories/2022-02-06/080_RR220206A_490C_1816.bmp,080_RR220206A_490C_1816.bmp,Trajectories/2022-04-11/234_RR220411A_888C_1732.bmp,234_RR220411A_888C_1732.bmp,(1 x 1),1,AJ,,2025-12-12T00:08:04.869380
Trajectories/2022-02-06/180_RR220206A_1031C_2041.bmp,180_RR220206A_1031C_2041.bmp,Trajectories/2022-04-11/277_RR220411A_936C_1828.bmp,277_RR220411A_936C_1828.bmp,(√13 x √13),2,AJ,,2025-12-12T00:09:09.670203
Trajectories/2022-02-06/180_RR220206A_1031C_2041.bmp,180_RR220206A_1031C_2041.bmp,Trajectories/2022-04-11/277_RR220411A_936C_1828.bmp,277_RR220411A_936C_1828.bmp,HTR,1,AJ,,2025-12-12T00:09:10.571310
Trajectories/2022-02-04/080_RR220204A_301C_1718.bmp,080_RR220204A_301C_1718.bmp,Trajectories/2022-02-04/076_RR220204A_299C_1713.bmp,076_RR220204A_299C_1713.bmp,(√13 x √13),tie,AJ,,2025-12-12T00:09:31.398149
Trajectories/2022-02-04/320_RR220204A_915C_2039.bmp,320_RR220204A_915C_2039.bmp,Trajectories/2022-02-06/282_RR220206A_184C_2256.bmp,282_RR220206A_184C_2256.bmp,(√13 x √13),1,AJ,,2025-12-12T00:09:41.214684
Trajectories/2022-02-04/320_RR220204A_915C_2039.bmp,320_RR220204A_915C_2039.bmp,Trajectories/2022-02-06/282_RR220206A_184C_2256.bmp,282_RR220206A_184C_2256.bmp,HTR,2,AJ,,2025-12-12T00:09:41.963238
Trajectories/2022-02-04/329_RR220204A_946C_2054.bmp,329_RR220204A_946C_2054.bmp,Trajectories/2022-02-04/079_RR220204A_301C_1717.bmp,079_RR220204A_301C_1717.bmp,(√13 x √13),tie,AJ,,2025-12-12T00:09:51.393771
Trajectories/2022-02-04/342_RR220204A_941C_2115.bmp,342_RR220204A_941C_2115.bmp,Trajectories/2022-02-04/333_RR220204A_939C_2059.bmp,333_RR220204A_939C_2059.bmp,(√13 x √13),tie,AJ,,2025-12-12T00:10:07.572303
Trajectories/2022-02-04/239_RR220204A_720C_1910.bmp,239_RR220204A_720C_1910.bmp,Trajectories/2022-04-11/154_RR220411A_696C_1624.bmp,154_RR220411A_696C_1624.bmp,(1 x 1),2,AJ,,2025-12-12T00:11:14.363974
Trajectories/2022-02-04/239_RR220204A_720C_1910.bmp,239_RR220204A_720C_1910.bmp,Trajectories/2022-04-11/154_RR220411A_696C_1624.bmp,154_RR220411A_696C_1624.bmp,(√13 x √13),1,AJ,,2025-12-12T00:11:15.187347
Trajectories/2022-02-04/294_RR220204A_843C_2014.bmp,294_RR220204A_843C_2014.bmp,Trajectories/2022-02-06/140_RR220206A_993C_1941.bmp,140_RR220206A_993C_1941.bmp,(√13 x √13),1,AJ,,2025-12-12T00:11:31.731499
Trajectories/2022-02-04/294_RR220204A_843C_2014.bmp,294_RR220204A_843C_2014.bmp,Trajectories/2022-02-06/140_RR220206A_993C_1941.bmp,140_RR220206A_993C_1941.bmp,HTR,2,AJ,,2025-12-12T00:11:32.525228
Trajectories/2022-04-11/349_RR220411A_705C_1921.bmp,349_RR220411A_705C_1921.bmp,Trajectories/2022-04-11/065_RR220411A_414C_1512.bmp,065_RR220411A_414C_1512.bmp,(1 x 1),2,AJ,,2025-12-12T00:15:55.980307
Trajectories/2022-04-11/349_RR220411A_705C_1921.bmp,349_RR220411A_705C_1921.bmp,Trajectories/2022-04-11/065_RR220411A_414C_1512.bmp,065_RR220411A_414C_1512.bmp,(√13 x √13),1,AJ,,2025-12-12T00:15:56.879370
Trajectories/2022-02-06/203_RR220206A_876C_2110-01.bmp,203_RR220206A_876C_2110-01.bmp,Trajectories/2022-04-11/394_RR220411A_546C_1946.bmp,394_RR220411A_546C_1946.bmp,(√13 x √13),2,AJ,,2025-12-12T00:16:08.978772
Trajectories/2022-02-06/203_RR220206A_876C_2110-01.bmp,203_RR220206A_876C_2110-01.bmp,Trajectories/2022-04-11/394_RR220411A_546C_1946.bmp,394_RR220411A_546C_1946.bmp,HTR,1,AJ,,2025-12-12T00:16:09.702536
Trajectories/2022-02-04/221_RR220204A_666C_1854.bmp,221_RR220204A_666C_1854.bmp,Trajectories/2022-02-04/339_RR220204A_938C_2110.bmp,339_RR220204A_938C_2110.bmp,(√13 x √13),tie,AJ,,2025-12-12T00:16:20.231879
Trajectories/2022-02-06/215_RR220206A_835C_2123.bmp,215_RR220206A_835C_2123.bmp,Trajectories/2022-04-11/140_RR220411A_647C_1612.bmp,140_RR220411A_647C_1612.bmp,HTR,1,AJ,,2025-12-12T00:16:35.915204
Trajectories/2022-02-06/215_RR220206A_835C_2123.bmp,215_RR220206A_835C_2123.bmp,Trajectories/2022-04-11/140_RR220411A_647C_1612.bmp,140_RR220411A_647C_1612.bmp,(1 x 1),2,AJ,,2025-12-12T00:16:36.690209
Trajectories/2022-02-04/347_RR220204A_954C_2124.bmp,347_RR220204A_954C_2124.bmp,Trajectories/2022-02-04/106_RR220204A_430C_1736.bmp,106_RR220204A_430C_1736.bmp,(√13 x √13),tie,AJ,,2025-12-12T00:16:52.540382
Trajectories/2022-04-11/001_RR220411A_180C_1417-01.bmp,001_RR220411A_180C_1417-01.bmp,Trajectories/2022-04-11/051_RR220411A_370C_1500.bmp,051_RR220411A_370C_1500.bmp,(1 x 1),tie,AJ,,2025-12-12T00:17:07.694727
Trajectories/2022-02-06/163_RR220206A_1105C_2015.bmp,163_RR220206A_1105C_2015.bmp,Trajectories/2022-04-11/417_RR220411A_427C_1956.bmp,417_RR220411A_427C_1956.bmp,HTR,1,AJ,,2025-12-12T00:17:19.567602
Trajectories/2022-02-06/163_RR220206A_1105C_2015.bmp,163_RR220206A_1105C_2015.bmp,Trajectories/2022-04-11/417_RR220411A_427C_1956.bmp,417_RR220411A_427C_1956.bmp,(√13 x √13),2,AJ,,2025-12-12T00:17:20.299524
Trajectories/2022-02-06/191_RR220206A_960C_2056.bmp,191_RR220206A_960C_2056.bmp,Trajectories/2022-04-11/286_RR220411A_906C_1837.bmp,286_RR220411A_906C_1837.bmp,(√13 x √13),2,AJ,,2025-12-12T00:17:43.141133
Trajectories/2022-02-06/191_RR220206A_960C_2056.bmp,191_RR220206A_960C_2056.bmp,Trajectories/2022-04-11/286_RR220411A_906C_1837.bmp,286_RR220411A_906C_1837.bmp,HTR,1,AJ,,2025-12-12T00:17:43.885005
Trajectories/2022-02-04/164_RR220204A_507C_1811.bmp,164_RR220204A_507C_1811.bmp,Trajectories/2022-02-06/074_RR220206A_430C_1809.bmp,074_RR220206A_430C_1809.bmp,(1 x 1),2,AJ,,2025-12-12T00:17:58.961099
Trajectories/2022-02-04/164_RR220204A_507C_1811.bmp,164_RR220204A_507C_1811.bmp,Trajectories/2022-02-06/074_RR220206A_430C_1809.bmp,074_RR220206A_430C_1809.bmp,(√13 x √13),1,AJ,,2025-12-12T00:17:59.643649
Trajectories/2022-04-11/443_RR220411A_303C_2007.bmp,443_RR220411A_303C_2007.bmp,Trajectories/2022-04-11/397_RR220411A_528C_1948.bmp,397_RR220411A_528C_1948.bmp,(√13 x √13),tie,AJ,,2025-12-12T00:18:11.173158
Trajectories/2022-04-11/066_RR220411A_416C_1513-01.bmp,066_RR220411A_416C_1513-01.bmp,Trajectories/2022-04-11/292_RR220411A_887C_1841.bmp,292_RR220411A_887C_1841.bmp,(√13 x √13),2,AJ,,2025-12-12T00:18:23.485168
Trajectories/2022-04-11/066_RR220411A_416C_1513-01.bmp,066_RR220411A_416C_1513-01.bmp,Trajectories/2022-04-11/292_RR220411A_887C_1841.bmp,292_RR220411A_887C_1841.bmp,(1 x 1),1,AJ,,2025-12-12T00:18:24.201465
Trajectories/2022-02-04/148_RR220204A_480C_1804.bmp,148_RR220204A_480C_1804.bmp,Trajectories/2022-04-11/314_RR220411A_836C_1857.bmp,314_RR220411A_836C_1857.bmp,(√13 x √13),tie,AJ,,2025-12-12T00:18:45.475955
Trajectories/2022-04-11/036_RR220411A_313C_1443.bmp,036_RR220411A_313C_1443.bmp,Trajectories/2022-04-11/072_RR220411A_429C_1516.bmp,072_RR220411A_429C_1516.bmp,(1 x 1),tie,AJ,,2025-12-12T00:18:56.770269
Trajectories/2022-02-06/068_RR220206A_362C_1759.bmp,068_RR220206A_362C_1759.bmp,Trajectories/2022-02-04/235_RR220204A_725C_1905.bmp,235_RR220204A_725C_1905.bmp,(1 x 1),1,AJ,,2025-12-12T00:19:37.453925
Trajectories/2022-02-06/068_RR220206A_362C_1759.bmp,068_RR220206A_362C_1759.bmp,Trajectories/2022-02-04/235_RR220204A_725C_1905.bmp,235_RR220204A_725C_1905.bmp,(√13 x √13),2,AJ,,2025-12-12T00:19:38.236822
Trajectories/2022-02-04/385_RR220204A_939C_2340.bmp,385_RR220204A_939C_2340.bmp,Trajectories/2022-02-06/171_RR220206A_1085C_2027.bmp,171_RR220206A_1085C_2027.bmp,HTR,2,AJ,,2025-12-12T00:20:02.531552
Trajectories/2022-02-04/385_RR220204A_939C_2340.bmp,385_RR220204A_939C_2340.bmp,Trajectories/2022-02-06/171_RR220206A_1085C_2027.bmp,171_RR220206A_1085C_2027.bmp,(√13 x √13),1,AJ,,2025-12-12T00:20:03.262208
Trajectories/2022-02-06/163_RR220206A_1105C_2015.bmp,163_RR220206A_1105C_2015.bmp,Trajectories/2022-02-06/249_RR220206A_638C_2210.bmp,249_RR220206A_638C_2210.bmp,HTR,tie,AJ,,2025-12-12T00:20:17.137865
Trajectories/2022-02-04/296_RR220204A_869C_2015.bmp,296_RR220204A_869C_2015.bmp,Trajectories/2022-04-11/009_RR220411A_206C_1423.bmp,009_RR220411A_206C_1423.bmp,(1 x 1),2,AJ,,2025-12-12T00:20:43.071402
Trajectories/2022-02-04/296_RR220204A_869C_2015.bmp,296_RR220204A_869C_2015.bmp,Trajectories/2022-04-11/009_RR220411A_206C_1423.bmp,009_RR220411A_206C_1423.bmp,(√13 x √13),1,AJ,,2025-12-12T00:20:44.010217
Trajectories/2022-02-06/158_RR220206A_1105C_2008.bmp,158_RR220206A_1105C_2008.bmp,Trajectories/2022-04-11/357_RR220411A_684C_1925.bmp,357_RR220411A_684C_1925.bmp,(√13 x √13),2,AJ,,2025-12-12T00:20:55.718735
Trajectories/2022-02-06/158_RR220206A_1105C_2008.bmp,158_RR220206A_1105C_2008.bmp,Trajectories/2022-04-11/357_RR220411A_684C_1925.bmp,357_RR220411A_684C_1925.bmp,HTR,1,AJ,,2025-12-12T00:20:56.750543
Trajectories/2022-02-04/337_RR220204A_938C_2106.bmp,337_RR220204A_938C_2106.bmp,Trajectories/2022-02-04/205_RR220204A_642C_1839-02.bmp,205_RR220204A_642C_1839-02.bmp,(√13 x √13),tie,AJ,,2025-12-12T00:21:51.672406
Trajectories/2022-02-04/378_RR220204A_938C_2312.bmp,378_RR220204A_938C_2312.bmp,Trajectories/2022-02-06/229_RR220206A_766C_2141.bmp,229_RR220206A_766C_2141.bmp,HTR,2,AJ,,2025-12-12T00:22:55.632331
Trajectories/2022-02-04/378_RR220204A_938C_2312.bmp,378_RR220204A_938C_2312.bmp,Trajectories/2022-02-06/229_RR220206A_766C_2141.bmp,229_RR220206A_766C_2141.bmp,(√13 x √13),1,AJ,,2025-12-12T00:22:56.345066
Trajectories/2022-04-11/108_RR220411A_507C_1543.bmp,108_RR220411A_507C_1543.bmp,Trajectories/2022-04-11/379_RR220411A_614C_1940.bmp,379_RR220411A_614C_1940.bmp,(1 x 1),1,AJ,,2025-12-12T00:23:19.860318
Trajectories/2022-04-11/108_RR220411A_507C_1543.bmp,108_RR220411A_507C_1543.bmp,Trajectories/2022-04-11/379_RR220411A_614C_1940.bmp,379_RR220411A_614C_1940.bmp,(√13 x √13),2,AJ,,2025-12-12T00:23:20.822037
Trajectories/2022-02-06/273_RR220206A_423C_2243.bmp,273_RR220206A_423C_2243.bmp,Trajectories/2022-04-11/093_RR220411A_482C_1531.bmp,093_RR220411A_482C_1531.bmp,(1 x 1),2,SY,,2025-12-12T22:07:21.588392
Trajectories/2022-02-06/273_RR220206A_423C_2243.bmp,273_RR220206A_423C_2243.bmp,Trajectories/2022-04-11/093_RR220411A_482C_1531.bmp,093_RR220411A_482C_1531.bmp,Twinned(2 x 1),not_apply,SY,,2025-12-12T22:07:23.277141
Trajectories/2022-02-06/273_RR220206A_423C_2243.bmp,273_RR220206A_423C_2243.bmp,Trajectories/2022-04-11/093_RR220411A_482C_1531.bmp,093_RR220411A_482C_1531.bmp,HTR,1,SY,,2025-12-12T22:07:24.436931
Trajectories/2022-02-06/273_RR220206A_423C_2243.bmp,273_RR220206A_423C_2243.bmp,Trajectories/2022-04-11/093_RR220411A_482C_1531.bmp,093_RR220411A_482C_1531.bmp,c(6 x 2),1,SY,,2025-12-12T22:07:25.752354
Trajectories/2022-02-06/273_RR220206A_423C_2243.bmp,273_RR220206A_423C_2243.bmp,Trajectories/2022-04-11/093_RR220411A_482C_1531.bmp,093_RR220411A_482C_1531.bmp,(√13 x √13),not_apply,SY,,2025-12-12T22:07:26.949242
Trajectories/2022-02-06/123_RR220206A_894C_1923.bmp,123_RR220206A_894C_1923.bmp,Trajectories/2022-02-04/117_RR220204A_445C_1740.bmp,117_RR220204A_445C_1740.bmp,c(6 x 2),2,AJ,,2025-12-06 01:24:55
Trajectories/2022-02-06/123_RR220206A_894C_1923.bmp,123_RR220206A_894C_1923.bmp,Trajectories/2022-02-04/117_RR220204A_445C_1740.bmp,117_RR220204A_445C_1740.bmp,(1 x 1),1,AJ,,2025-12-06 01:24:55
Trajectories/2022-02-04/034_RR220204A_655C_0142.bmp,034_RR220204A_655C_0142.bmp,Trajectories/2022-02-06/272_RR220206A_424C_2242.bmp,272_RR220206A_424C_2242.bmp,HTR,2,AJ,,2025-12-06 01:24:31
Trajectories/2022-02-04/034_RR220204A_655C_0142.bmp,034_RR220204A_655C_0142.bmp,Trajectories/2022-02-06/272_RR220206A_424C_2242.bmp,272_RR220206A_424C_2242.bmp,c(6 x 2),1,AJ,,2025-12-06 01:24:31
Trajectories/2022-04-11/359_RR220411A_675C_1926.bmp,359_RR220411A_675C_1926.bmp,Trajectories/2022-02-04/262_RR220204A_793C_1932.bmp,262_RR220204A_793C_1932.bmp,c(6 x 2),2,AJ,,2025-12-06 01:24:10
Trajectories/2022-04-11/359_RR220411A_675C_1926.bmp,359_RR220411A_675C_1926.bmp,Trajectories/2022-02-04/262_RR220204A_793C_1932.bmp,262_RR220204A_793C_1932.bmp,(√13 x √13),1,AJ,,2025-12-06 01:24:10
Trajectories/2022-02-04/309_RR220204A_911C_2027.bmp,309_RR220204A_911C_2027.bmp,Trajectories/2022-02-04/361_RR220204A_947C_2156.bmp,361_RR220204A_947C_2156.bmp,(√13 x √13),tie,AJ,,2025-12-06 01:23:38
Trajectories/2022-02-06/098_RR220206A_656C_1838.bmp,098_RR220206A_656C_1838.bmp,Trajectories/2022-02-04/192_RR220204A_607C_1831.bmp,192_RR220204A_607C_1831.bmp,(1 x 1),1,AJ,,2025-12-06 01:23:17
Trajectories/2022-02-06/098_RR220206A_656C_1838.bmp,098_RR220206A_656C_1838.bmp,Trajectories/2022-02-04/192_RR220204A_607C_1831.bmp,192_RR220204A_607C_1831.bmp,(√13 x √13),2,AJ,,2025-12-06 01:23:17
Trajectories/2022-02-06/207_RR220206A_875C_2114.bmp,207_RR220206A_875C_2114.bmp,Trajectories/2022-02-06/104_RR220206A_734C_1847.bmp,104_RR220206A_734C_1847.bmp,HTR,1,AJ,,2025-12-06 01:22:53
Trajectories/2022-02-06/207_RR220206A_875C_2114.bmp,207_RR220206A_875C_2114.bmp,Trajectories/2022-02-06/104_RR220206A_734C_1847.bmp,104_RR220206A_734C_1847.bmp,(1 x 1),2,AJ,,2025-12-06 01:22:53
Trajectories/2022-04-11/120_RR220411A_555C_1553.bmp,120_RR220411A_555C_1553.bmp,Trajectories/2022-02-04/215_RR220204A_669C_1848.bmp,215_RR220204A_669C_1848.bmp,(1 x 1),1,AJ,,2025-12-06 01:22:37
Trajectories/2022-04-11/120_RR220411A_555C_1553.bmp,120_RR220411A_555C_1553.bmp,Trajectories/2022-02-04/215_RR220204A_669C_1848.bmp,215_RR220204A_669C_1848.bmp,(√13 x √13),2,AJ,,2025-12-06 01:22:37
Trajectories/2022-04-11/332_RR220411A_756C_1911.bmp,332_RR220411A_756C_1911.bmp,Trajectories/2022-04-11/320_RR220411A_824C_1901.bmp,320_RR220411A_824C_1901.bmp,(√13 x √13),tie,AJ,,2025-12-06 01:22:26
Trajectories/2022-04-11/258_RR220411A_932C_1751.bmp,258_RR220411A_932C_1751.bmp,Trajectories/2022-04-11/246_RR220411A_915C_1741.bmp,246_RR220411A_915C_1741.bmp,(√13 x √13),tie,AJ,,2025-12-06 01:22:11
Trajectories/2022-02-04/063_RR220204A_165C_0215-03.bmp,063_RR220204A_165C_0215-03.bmp,Trajectories/2022-04-11/376_RR220411A_620C_1938.bmp,376_RR220411A_620C_1938.bmp,Other,1,AJ,,2025-12-06 01:21:25
Trajectories/2022-02-04/063_RR220204A_165C_0215-03.bmp,063_RR220204A_165C_0215-03.bmp,Trajectories/2022-04-11/376_RR220411A_620C_1938.bmp,376_RR220411A_620C_1938.bmp,HTR,2,AJ,,2025-12-06 01:21:25
Trajectories/2022-02-04/382_RR220204A_935C_2330.bmp,382_RR220204A_935C_2330.bmp,Trajectories/2022-02-04/085_RR220204A_378C_1720.bmp,085_RR220204A_378C_1720.bmp,(√13 x √13),tie,AJ,,2025-12-06 01:21:05
Trajectories/2022-02-04/074_RR220204A_297C_1711.bmp,074_RR220204A_297C_1711.bmp,Trajectories/2022-02-04/037_RR220204A_579C_0146.bmp,037_RR220204A_579C_0146.bmp,(√13 x √13),tie,AJ,,2025-12-06 01:20:43
Trajectories/2022-02-04/287_RR220204A_851C_2008.bmp,287_RR220204A_851C_2008.bmp,Trajectories/2022-04-11/409_RR220411A_474C_1953.bmp,409_RR220411A_474C_1953.bmp,(√13 x √13),2,AJ,,2025-12-06 01:20:27
Trajectories/2022-02-04/287_RR220204A_851C_2008.bmp,287_RR220204A_851C_2008.bmp,Trajectories/2022-04-11/409_RR220411A_474C_1953.bmp,409_RR220411A_474C_1953.bmp,c(6 x 2),1,AJ,,2025-12-06 01:20:27
Trajectories/2022-02-06/163_RR220206A_1105C_2015.bmp,163_RR220206A_1105C_2015.bmp,Trajectories/2022-02-04/341_RR220204A_937C_2114.bmp,341_RR220204A_937C_2114.bmp,(√13 x √13),2,AJ,,2025-12-06 01:19:50
Trajectories/2022-02-06/163_RR220206A_1105C_2015.bmp,163_RR220206A_1105C_2015.bmp,Trajectories/2022-02-04/341_RR220204A_937C_2114.bmp,341_RR220204A_937C_2114.bmp,HTR,1,AJ,,2025-12-06 01:19:50
Trajectories/2022-04-11/379_RR220411A_614C_1940.bmp,379_RR220411A_614C_1940.bmp,Trajectories/2022-02-06/273_RR220206A_423C_2243.bmp,273_RR220206A_423C_2243.bmp,HTR,2,AJ,,2025-12-06 01:19:39
Trajectories/2022-04-11/379_RR220411A_614C_1940.bmp,379_RR220411A_614C_1940.bmp,Trajectories/2022-02-06/273_RR220206A_423C_2243.bmp,273_RR220206A_423C_2243.bmp,(√13 x √13),1,AJ,,2025-12-06 01:19:39
Trajectories/2022-04-11/363_RR220411A_661C_1929.bmp,363_RR220411A_661C_1929.bmp,Trajectories/2022-02-04/147_RR220204A_486C_1804.bmp,147_RR220204A_486C_1804.bmp,(√13 x √13),tie,AJ,,2025-12-06 01:19:25
Trajectories/2022-02-06/058_RR220206A_249C_1745.bmp,058_RR220206A_249C_1745.bmp,Trajectories/2022-04-11/178_RR220411A_774C_1649.bmp,178_RR220411A_774C_1649.bmp,(1 x 1),2,AJ,,2025-12-06 01:18:28
Trajectories/2022-02-06/058_RR220206A_249C_1745.bmp,058_RR220206A_249C_1745.bmp,Trajectories/2022-04-11/178_RR220411A_774C_1649.bmp,178_RR220411A_774C_1649.bmp,Other,1,AJ,,2025-12-06 01:18:28
Trajectories/2022-02-06/171_RR220206A_1085C_2027.bmp,171_RR220206A_1085C_2027.bmp,Trajectories/2022-02-04/038_RR220204A_576C_0147.bmp,038_RR220204A_576C_0147.bmp,(√13 x √13),2,AJ,,2025-12-06 01:18:06
Trajectories/2022-02-06/171_RR220206A_1085C_2027.bmp,171_RR220206A_1085C_2027.bmp,Trajectories/2022-02-04/038_RR220204A_576C_0147.bmp,038_RR220204A_576C_0147.bmp,HTR,1,AJ,,2025-12-06 01:18:05
Trajectories/2022-02-06/057_RR220206A_249C_1744.bmp,057_RR220206A_249C_1744.bmp,Trajectories/2022-02-06/154_RR220206A_1092C_2003-02.bmp,154_RR220206A_1092C_2003-02.bmp,(1 x 1),1,AJ,,2025-12-06 01:17:47
Trajectories/2022-02-06/057_RR220206A_249C_1744.bmp,057_RR220206A_249C_1744.bmp,Trajectories/2022-02-06/154_RR220206A_1092C_2003-02.bmp,154_RR220206A_1092C_2003-02.bmp,HTR,2,AJ,,2025-12-06 01:17:47
Trajectories/2022-04-11/147_RR220411A_671C_1617.bmp,147_RR220411A_671C_1617.bmp,Trajectories/2022-02-04/184_RR220204A_576C_1826.bmp,184_RR220204A_576C_1826.bmp,(1 x 1),2,SY,,2025-12-14 08:53:40
Trajectories/2022-04-11/147_RR220411A_671C_1617.bmp,147_RR220411A_671C_1617.bmp,Trajectories/2022-02-04/184_RR220204A_576C_1826.bmp,184_RR220204A_576C_1826.bmp,c(6 x 2),not_apply,SY,,2025-12-14 08:53:40
Trajectories/2022-04-11/147_RR220411A_671C_1617.bmp,147_RR220411A_671C_1617.bmp,Trajectories/2022-02-04/184_RR220204A_576C_1826.bmp,184_RR220204A_576C_1826.bmp,HTR,not_apply,SY,,2025-12-14 08:53:40
Trajectories/2022-04-11/147_RR220411A_671C_1617.bmp,147_RR220411A_671C_1617.bmp,Trajectories/2022-02-04/184_RR220204A_576C_1826.bmp,184_RR220204A_576C_1826.bmp,Twinned(2 x 1),2,SY,,2025-12-14 08:53:40
Trajectories/2022-04-11/147_RR220411A_671C_1617.bmp,147_RR220411A_671C_1617.bmp,Trajectories/2022-02-04/184_RR220204A_576C_1826.bmp,184_RR220204A_576C_1826.bmp,(√13 x √13),2,SY,,2025-12-14 08:53:40
Trajectories/2022-04-11/147_RR220411A_671C_1617.bmp,147_RR220411A_671C_1617.bmp,Trajectories/2022-02-04/184_RR220204A_576C_1826.bmp,184_RR220204A_576C_1826.bmp,Other,not_apply,SY,,2025-12-14 08:53:40
Trajectories/2022-02-06/055_RR220206A_239C_1742.bmp,055_RR220206A_239C_1742.bmp,Trajectories/2022-04-11/409_RR220411A_474C_1953.bmp,409_RR220411A_474C_1953.bmp,(1 x 1),2,SY,,2025-12-14 08:53:40
Trajectories/2022-02-06/055_RR220206A_239C_1742.bmp,055_RR220206A_239C_1742.bmp,Trajectories/2022-04-11/409_RR220411A_474C_1953.bmp,409_RR220411A_474C_1953.bmp,(√13 x √13),2,SY,,2025-12-14 08:53:40
Trajectories/2022-02-06/055_RR220206A_239C_1742.bmp,055_RR220206A_239C_1742.bmp,Trajectories/2022-04-11/409_RR220411A_474C_1953.bmp,409_RR220411A_474C_1953.bmp,HTR,not_apply,SY,,2025-12-14 08:53:40
Trajectories/2022-02-06/055_RR220206A_239C_1742.bmp,055_RR220206A_239C_1742.bmp,Trajectories/2022-04-11/409_RR220411A_474C_1953.bmp,409_RR220411A_474C_1953.bmp,c(6 x 2),2,SY,,2025-12-14 08:53:40
Trajectories/2022-02-06/055_RR220206A_239C_1742.bmp,055_RR220206A_239C_1742.bmp,Trajectories/2022-04-11/409_RR220411A_474C_1953.bmp,409_RR220411A_474C_1953.bmp,Twinned(2 x 1),not_apply,SY,,2025-12-14 08:53:40
Trajectories/2022-02-06/055_RR220206A_239C_1742.bmp,055_RR220206A_239C_1742.bmp,Trajectories/2022-04-11/409_RR220411A_474C_1953.bmp,409_RR220411A_474C_1953.bmp,Other,not_apply,SY,,2025-12-14 08:53:40
Trajectories/2022-02-04/069_RR220204A_293C_1706.bmp,069_RR220204A_293C_1706.bmp,Trajectories/2022-02-06/147_RR220206A_1024C_1953.bmp,147_RR220206A_1024C_1953.bmp,(1 x 1),1,SY,,2025-12-14 08:53:40
Trajectories/2022-02-04/069_RR220204A_293C_1706.bmp,069_RR220204A_293C_1706.bmp,Trajectories/2022-02-06/147_RR220206A_1024C_1953.bmp,147_RR220206A_1024C_1953.bmp,(√13 x √13),1,SY,,2025-12-14 08:53:40
Trajectories/2022-02-04/069_RR220204A_293C_1706.bmp,069_RR220204A_293C_1706.bmp,Trajectories/2022-02-06/147_RR220206A_1024C_1953.bmp,147_RR220206A_1024C_1953.bmp,c(6 x 2),2,SY,,2025-12-14 08:53:40
Trajectories/2022-02-04/069_RR220204A_293C_1706.bmp,069_RR220204A_293C_1706.bmp,Trajectories/2022-02-06/147_RR220206A_1024C_1953.bmp,147_RR220206A_1024C_1953.bmp,Other,not_apply,SY,,2025-12-14 08:53:40
Trajectories/2022-02-04/069_RR220204A_293C_1706.bmp,069_RR220204A_293C_1706.bmp,Trajectories/2022-02-06/147_RR220206A_1024C_1953.bmp,147_RR220206A_1024C_1953.bmp,Twinned(2 x 1),1,SY,,2025-12-14 08:53:40
Trajectories/2022-02-04/069_RR220204A_293C_1706.bmp,069_RR220204A_293C_1706.bmp,Trajectories/2022-02-06/147_RR220206A_1024C_1953.bmp,147_RR220206A_1024C_1953.bmp,HTR,2,SY,,2025-12-14 08:53:40
Trajectories/2022-02-04/261_RR220204A_790C_1930.bmp,261_RR220204A_790C_1930.bmp,Trajectories/2022-02-04/024_RR220204A_927C_0130.bmp,024_RR220204A_927C_0130.bmp,HTR,not_apply,SY,,2025-12-14 08:53:40
Trajectories/2022-02-04/261_RR220204A_790C_1930.bmp,261_RR220204A_790C_1930.bmp,Trajectories/2022-02-04/024_RR220204A_927C_0130.bmp,024_RR220204A_927C_0130.bmp,Twinned(2 x 1),tie,SY,,2025-12-14 08:53:40
Trajectories/2022-02-04/261_RR220204A_790C_1930.bmp,261_RR220204A_790C_1930.bmp,Trajectories/2022-02-04/024_RR220204A_927C_0130.bmp,024_RR220204A_927C_0130.bmp,c(6 x 2),not_apply,SY,,2025-12-14 08:53:40
Trajectories/2022-02-04/261_RR220204A_790C_1930.bmp,261_RR220204A_790C_1930.bmp,Trajectories/2022-02-04/024_RR220204A_927C_0130.bmp,024_RR220204A_927C_0130.bmp,Other,not_apply,SY,,2025-12-14 08:53:40
Trajectories/2022-02-04/261_RR220204A_790C_1930.bmp,261_RR220204A_790C_1930.bmp,Trajectories/2022-02-04/024_RR220204A_927C_0130.bmp,024_RR220204A_927C_0130.bmp,(1 x 1),2,SY,,2025-12-14 08:53:40
Trajectories/2022-02-04/320_RR220204A_915C_2039.bmp,320_RR220204A_915C_2039.bmp,Trajectories/2022-02-04/195_RR220204A_611C_1832.bmp,195_RR220204A_611C_1832.bmp,(1 x 1),tie,SY,,2025-12-14 08:53:40
Trajectories/2022-02-04/320_RR220204A_915C_2039.bmp,320_RR220204A_915C_2039.bmp,Trajectories/2022-02-04/195_RR220204A_611C_1832.bmp,195_RR220204A_611C_1832.bmp,(√13 x √13),1,SY,,2025-12-14 08:53:40
Trajectories/2022-02-04/320_RR220204A_915C_2039.bmp,320_RR220204A_915C_2039.bmp,Trajectories/2022-02-04/195_RR220204A_611C_1832.bmp,195_RR220204A_611C_1832.bmp,Other,not_apply,SY,,2025-12-14 08:53:40
Trajectories/2022-02-04/320_RR220204A_915C_2039.bmp,320_RR220204A_915C_2039.bmp,Trajectories/2022-02-04/195_RR220204A_611C_1832.bmp,195_RR220204A_611C_1832.bmp,Twinned(2 x 1),tie,SY,,2025-12-14 08:53:40
Trajectories/2022-02-04/320_RR220204A_915C_2039.bmp,320_RR220204A_915C_2039.bmp,Trajectories/2022-02-04/195_RR220204A_611C_1832.bmp,195_RR220204A_611C_1832.bmp,HTR,not_apply,SY,,2025-12-14 08:53:40
Trajectories/2022-02-04/320_RR220204A_915C_2039.bmp,320_RR220204A_915C_2039.bmp,Trajectories/2022-02-04/195_RR220204A_611C_1832.bmp,195_RR220204A_611C_1832.bmp,c(6 x 2),not_apply,SY,,2025-12-14 08:53:40
Trajectories/2022-02-04/129_RR220204A_465C_1753.bmp,129_RR220204A_465C_1753.bmp,Trajectories/2022-04-11/243_RR220411A_909C_1739.bmp,243_RR220411A_909C_1739.bmp,c(6 x 2),2,SY,,2025-12-14 08:53:40
Trajectories/2022-02-04/129_RR220204A_465C_1753.bmp,129_RR220204A_465C_1753.bmp,Trajectories/2022-04-11/243_RR220411A_909C_1739.bmp,243_RR220411A_909C_1739.bmp,HTR,not_apply,SY,,2025-12-14 08:53:40
Trajectories/2022-02-04/129_RR220204A_465C_1753.bmp,129_RR220204A_465C_1753.bmp,Trajectories/2022-04-11/243_RR220411A_909C_1739.bmp,243_RR220411A_909C_1739.bmp,(1 x 1),tie,SY,,2025-12-14 08:53:40
Trajectories/2022-02-04/129_RR220204A_465C_1753.bmp,129_RR220204A_465C_1753.bmp,Trajectories/2022-04-11/243_RR220411A_909C_1739.bmp,243_RR220411A_909C_1739.bmp,Twinned(2 x 1),1,SY,,2025-12-14 08:53:40
Trajectories/2022-02-04/129_RR220204A_465C_1753.bmp,129_RR220204A_465C_1753.bmp,Trajectories/2022-04-11/243_RR220411A_909C_1739.bmp,243_RR220411A_909C_1739.bmp,Other,not_apply,SY,,2025-12-14 08:53:40
Trajectories/2022-02-04/129_RR220204A_465C_1753.bmp,129_RR220204A_465C_1753.bmp,Trajectories/2022-04-11/243_RR220411A_909C_1739.bmp,243_RR220411A_909C_1739.bmp,(√13 x √13),1,SY,,2025-12-14 08:53:40
Trajectories/2022-04-11/313_RR220411A_839C_1856.bmp,313_RR220411A_839C_1856.bmp,Trajectories/2022-02-06/125_RR220206A_887C_1925.bmp,125_RR220206A_887C_1925.bmp,c(6 x 2),2,SY,,2025-12-14 08:53:40
Trajectories/2022-04-11/313_RR220411A_839C_1856.bmp,313_RR220411A_839C_1856.bmp,Trajectories/2022-02-06/125_RR220206A_887C_1925.bmp,125_RR220206A_887C_1925.bmp,HTR,not_apply,SY,,2025-12-14 08:53:40
Trajectories/2022-04-11/313_RR220411A_839C_1856.bmp,313_RR220411A_839C_1856.bmp,Trajectories/2022-02-06/125_RR220206A_887C_1925.bmp,125_RR220206A_887C_1925.bmp,Other,not_apply,SY,,2025-12-14 08:53:40
Trajectories/2022-04-11/313_RR220411A_839C_1856.bmp,313_RR220411A_839C_1856.bmp,Trajectories/2022-02-06/125_RR220206A_887C_1925.bmp,125_RR220206A_887C_1925.bmp,Twinned(2 x 1),not_apply,SY,,2025-12-14 08:53:40